ITL1 Region,LA code,LA name,1998,1999,2000,2001,2002,2003,2004,2005,2006,2007,2008,2009,2010,2011,2012,2013,2014,2015,2016,2017,2018,2019,2020,2021,2022
North East,E06000001,Hartlepool,762,803,815,816,863,911,947,987,1036,1087,1117,1098,1111,1143,1174,1221,1191,1253,1362,1375,1334,1371,1396,1340,1473
North East,E06000004,Stockton-on-Tees,2556,2666,2744,2769,2922,3142,3397,3510,3781,3982,4049,4209,4185,4175,4237,4423,4563,4848,4914,4834,4919,5198,5173,5596,6061
North East,E06000002,Middlesbrough,1475,1536,1579,1589,1654,1760,1909,2051,2184,2247,2313,2359,2302,2357,2394,2394,2455,2551,2667,2820,3013,3008,2769,3155,3440
North East,E06000003,Redcar and Cleveland,1259,1274,1307,1276,1311,1446,1470,1507,1527,1541,1655,1627,1688,1697,1711,1738,1807,1860,1787,1654,1739,1796,1801,1815,2041
North East,E06000005,Darlington,1517,1552,1671,1776,1897,2020,2155,2140,2177,2136,2265,2142,2207,2262,2284,2318,2572,2722,2570,2555,2522,2495,2301,2546,2712
North East,E06000047,County Durham,4642,4878,5015,5139,5415,5791,6261,6539,6990,7265,7549,7657,7672,7542,7729,7849,7828,7904,7922,8190,8646,9050,9145,9758,10654
North East,E06000057,Northumberland,3034,3028,3079,3186,3438,3560,3822,3951,4157,4241,4378,4290,4398,4499,4529,4504,4660,4747,4899,4993,5034,5357,5097,5488,6300
North East,E08000021,Newcastle upon Tyne,4320,4289,4428,4784,5162,5457,6039,6452,6821,6867,6883,6858,7111,7397,7667,7738,7941,8465,8738,9138,9102,9446,8732,9923,11157
North East,E08000022,North Tyneside,2050,2083,2127,2323,2586,2699,2925,3064,3158,3236,3369,3260,3338,3440,3529,3515,3690,3859,4005,4365,4542,4605,4394,4764,5359
North East,E08000023,South Tyneside,1105,1104,1134,1172,1225,1282,1388,1463,1524,1540,1585,1499,1553,1594,1751,1761,1875,1869,1791,1806,1796,1891,1707,1906,1990
North East,E08000037,Gateshead,2599,2614,2683,2807,2997,3141,3419,3639,3830,3891,3874,3726,3855,4047,4133,3882,3937,3983,4061,4071,4092,4507,3970,4471,4690
North East,E08000024,Sunderland,3497,3424,3556,3753,4042,4224,4653,4900,5159,5180,5357,5454,5387,5446,5599,6075,6299,6488,6567,6888,6791,7203,6312,6571,7231
North West,E06000063,Cumberland,3685,3881,3709,3773,3944,4186,4252,4586,4938,5019,5427,5320,5444,5344,5465,5794,6093,6216,6058,5994,6075,6261,5606,5942,6537
North West,E06000064,Westmorland and Furness,2866,2878,2994,2957,3206,3473,3657,3708,4029,4188,4450,4323,4418,4448,4708,4737,4934,5222,5250,5533,5701,6155,5826,6270,6726
North West,E08000003,Manchester,8872,9308,9540,10309,10947,11557,12464,13491,14468,15240,15554,16057,16540,16586,17373,17828,18406,19348,20589,22669,23476,25281,24782,27504,31506
North West,E08000006,Salford,3239,3399,3435,3635,3776,3969,4321,4700,4994,5252,5365,5365,5435,5459,5850,6441,6888,6977,6802,7045,7625,8076,8441,9053,10076
North West,E08000009,Trafford,4336,4546,4738,5068,5341,5571,5733,6007,6289,6575,6739,6594,6644,6674,6882,7190,7297,7817,8141,8679,9172,9348,9407,10127,10917
North West,E08000007,Stockport,3549,3738,3877,4065,4235,4432,4605,4820,5040,5301,5514,5593,5582,5482,5683,5765,5758,5783,6040,6521,6806,6883,7071,7398,8320
North West,E08000008,Tameside,1913,2021,2087,2154,2234,2306,2364,2530,2608,2724,2757,2736,2763,2770,2845,2953,3046,3075,3050,3287,3378,3407,3412,3450,3669
North West,E08000001,Bolton,2891,3003,3016,3201,3296,3427,3611,3845,4029,4196,4206,4271,4326,4326,4551,4788,4878,5081,5249,5541,5891,5881,6081,6258,6678
North West,E08000010,Wigan,2694,2825,2931,3084,3187,3316,3436,3627,3787,3938,3876,3806,3842,3858,3995,4272,4397,4694,4811,5023,5108,5094,5235,5585,6096
North West,E08000002,Bury,1732,1816,1877,1984,2113,2198,2290,2415,2538,2669,2676,2643,2697,2710,2813,2895,2859,3033,3088,3169,3269,3486,3459,3518,3689
North West,E08000004,Oldham,2020,2109,2163,2243,2334,2381,2517,2674,2798,2908,2976,2928,2963,2985,3035,3158,3319,3473,3549,3849,3903,4100,3874,4002,4388
North West,E08000005,Rochdale,1967,2081,2129,2226,2290,2359,2474,2588,2649,2784,2798,2761,2839,2833,3021,3130,3172,3255,3272,3375,3547,3707,3635,3771,4176
North West,E06000008,Blackburn with Darwen,1528,1582,1596,1632,1712,1849,1938,1990,2048,2143,2217,2162,2249,2305,2446,2525,2651,2823,2972,3019,3049,3142,3094,3433,3837
North West,E06000009,Blackpool,1274,1309,1338,1403,1481,1609,1735,1811,1862,1901,1912,1844,1928,1939,2006,2042,2123,2230,2371,2516,2614,2843,2663,2795,3187
North West,E07000121,Lancaster,1521,1560,1509,1534,1647,1846,1989,2170,2330,2427,2454,2209,2179,2188,2283,2441,2462,2626,2631,2681,2687,2847,2890,2956,3278
North West,E07000128,Wyre,836,864,889,914,961,1055,1102,1121,1137,1158,1210,1161,1184,1213,1256,1310,1357,1585,1626,1629,1687,1764,1601,1755,1980
North West,E07000119,Fylde,1712,1851,1967,2087,2103,2292,2514,2638,2649,2747,2804,2558,2477,2471,2510,2545,2307,2465,2672,2794,2582,2667,2458,2672,2860
North West,E07000123,Preston,2214,2315,2373,2476,2650,2853,3024,3113,3220,3376,3330,3353,3480,3495,3683,3625,3799,4001,4290,4315,4357,4522,4179,4600,5039
North West,E07000124,Ribble Valley,1017,1083,1120,1173,1209,1312,1414,1457,1474,1507,1538,1380,1371,1463,1526,1679,1745,1807,1730,1776,1756,1618,1763,2080,2062
North West,E07000126,South Ribble,1894,1925,1998,2026,2135,2311,2412,2454,2441,2650,2726,2560,2597,2670,2775,2931,3188,3367,3526,3633,3566,3661,3780,4185,4730
North West,E07000117,Burnley,992,1041,1063,1092,1122,1205,1262,1311,1361,1428,1455,1404,1469,1510,1594,1598,1701,1706,1805,1888,2028,2003,1952,2115,2281
North West,E07000120,Hyndburn,796,838,819,843,878,913,961,994,1018,1082,1123,1076,1117,1155,1224,1253,1289,1330,1451,1462,1328,1413,1334,1479,1577
North West,E07000122,Pendle,1054,1132,1156,1189,1209,1300,1373,1439,1465,1490,1477,1305,1320,1388,1430,1409,1460,1494,1597,1668,1774,1770,1604,1748,1781
North West,E07000125,Rossendale,612,628,639,648,682,731,759,773,789,823,836,817,843,866,854,889,950,1011,1005,1008,992,1038,951,1072,1184
North West,E07000118,Chorley,969,1006,1054,1110,1189,1271,1327,1353,1382,1455,1511,1469,1537,1544,1585,1602,1657,1737,1844,1877,1958,2185,2045,2356,2545
North West,E07000127,West Lancashire,1267,1302,1315,1353,1433,1526,1618,1630,1667,1755,1815,1821,1887,1918,1932,1962,2100,2146,2377,2513,2576,2716,2647,2924,3261
North West,E06000007,Warrington,3631,3688,3871,4254,4438,4586,4738,5050,5289,5582,5542,5283,5404,5507,5687,6000,6343,6709,6988,7559,7612,8137,8105,8643,9273
North West,E06000049,Cheshire East,5936,6215,6454,7537,7765,7473,8346,8873,9564,9752,9695,9448,9840,10316,10862,11147,11812,12328,13364,13346,13788,14245,13848,13765,15244
North West,E06000050,Cheshire West and Chester,4892,5273,5216,5725,5829,6241,6427,6705,7232,7762,7863,8191,8646,8517,8674,9024,9491,9233,9599,10438,10645,11304,10449,11632,13222
North West,E06000006,Halton,2219,2321,2428,2483,2574,2793,2820,2968,3229,3118,3353,3416,3477,3513,3336,3493,3719,3854,3843,3951,4104,4293,3983,4303,4723
North West,E08000011,Knowsley,1669,1683,1690,1811,1869,1995,2068,2062,2185,2274,2382,2339,2482,2553,2659,2896,3044,3168,3399,3618,3504,3688,3527,4035,4012
North West,E08000013,St. Helens,1597,1734,1807,1906,2016,2114,2203,2270,2424,2505,2522,2492,2553,2515,2442,2480,2590,2642,2682,2678,2715,2791,2627,2974,3088
North West,E08000012,Liverpool,5972,6293,6661,7095,7513,8273,8816,9319,10181,10150,10695,11205,11227,11292,11096,11228,11782,12111,12316,12806,12958,14078,13599,15061,16693
North West,E08000014,Sefton,2140,2287,2357,2511,2680,2849,2997,3085,3279,3321,3450,3501,3523,3431,3431,3486,3629,3751,3899,4038,4106,4174,4196,4663,4991
North West,E08000015,Wirral,2582,2765,2847,3015,3189,3421,3648,3714,3939,3993,4135,4166,4163,4187,4241,4327,4513,4747,4689,4878,4923,5227,5330,5546,6081
Yorkshire and The Humber,E06000010,"Kingston upon Hull, City of",3024,3106,3307,3473,3716,3995,4095,4292,4710,4940,5472,5481,5211,5022,5092,5086,5130,5382,5534,5758,5938,6039,5433,6325,6930
Yorkshire and The Humber,E06000011,East Riding of Yorkshire,3740,3712,3868,4060,4381,4659,5002,5129,5426,5505,5592,5346,5186,5208,5367,5531,5811,6059,6135,6416,6827,7130,6924,8057,8935
Yorkshire and The Humber,E06000012,North East Lincolnshire,1744,1789,1860,1948,2020,2122,2196,2292,2409,2580,2630,2613,2549,2645,2668,2754,2940,3065,3041,3124,3097,3246,3305,3761,4059
Yorkshire and The Humber,E06000013,North Lincolnshire,2277,2222,2316,2417,2481,2799,3011,3157,3088,3523,3804,3442,3672,3372,3383,3471,3523,3913,4016,4353,4254,5037,4409,5785,6794
Yorkshire and The Humber,E06000014,York,3201,3339,3497,3769,4169,4464,4705,4868,4950,5192,5205,5055,5151,5253,5375,5408,5527,5639,5817,6210,6366,6419,5943,6776,7632
Yorkshire and The Humber,E06000065,North Yorkshire,7394,7542,7901,8293,9057,9541,9930,10211,10758,11389,11685,11403,11329,11772,12078,12613,12874,13094,13510,14455,14500,15190,14593,16620,18089
Yorkshire and The Humber,E08000016,Barnsley,1961,1955,2023,2130,2221,2366,2528,2628,2746,2957,2898,2791,2884,2970,3088,3209,3348,3429,3488,3657,3818,3972,3941,4284,4639
Yorkshire and The Humber,E08000017,Doncaster,2621,2652,2740,2887,3046,3245,3480,3597,3834,4104,4113,3906,4019,4035,4140,4241,4488,4837,4959,5480,5538,5714,5699,6004,6625
Yorkshire and The Humber,E08000018,Rotherham,2434,2440,2536,2673,2827,2996,3107,3249,3374,3631,3635,3482,3624,3718,3980,3979,4091,4265,4356,4575,4609,4753,4625,4933,5213
Yorkshire and The Humber,E08000019,Sheffield,6526,6579,6879,7506,8018,8577,9093,9530,10087,10736,10604,10676,10888,11155,11363,11690,11925,12215,12330,12500,12571,13146,13240,14326,15681
Yorkshire and The Humber,E08000032,Bradford,5224,5493,5551,5767,5954,6274,6609,6974,7219,7595,7863,7793,7784,8054,8192,8380,8478,8797,9017,9469,9600,9714,9661,10352,11411
Yorkshire and The Humber,E08000035,Leeds,12322,13119,13511,14077,14778,16037,17293,18582,19762,20865,20766,20714,21064,21430,21883,22492,23133,23977,24234,24964,26483,27405,25982,28920,31959
Yorkshire and The Humber,E08000033,Calderdale,2163,2263,2287,2391,2438,2613,2775,3056,3234,3385,3246,3163,3241,3334,3422,3567,4107,4552,4549,4938,5271,5275,5009,5620,5611
Yorkshire and The Humber,E08000034,Kirklees,3972,4151,4222,4338,4429,4661,4818,5072,5240,5519,5615,5509,5555,5666,5821,5940,6169,6526,6661,7121,7446,7502,7264,7862,8553
Yorkshire and The Humber,E08000036,Wakefield,4031,4232,4365,4544,4697,4938,5121,5359,5536,5716,5853,5773,5660,5761,5916,6113,6118,6566,6819,7083,7546,7913,7674,8287,9194
East Midlands,E06000015,Derby,3773,4016,4180,4391,4634,4793,5188,5680,5852,5996,6126,6001,6076,6398,6523,6798,6646,6637,6705,6706,7171,7456,7751,8155,8380
East Midlands,E07000033,Bolsover,1027,1034,1046,1089,1092,1095,1135,1209,1238,1288,1365,1337,1373,1372,1428,1457,1467,1650,1741,1848,1974,2013,2053,2196,2321
East Midlands,E07000034,Chesterfield,1142,1172,1206,1282,1349,1387,1476,1589,1630,1706,1745,1698,1789,1786,1907,1957,2024,2155,2194,2277,2346,2404,2575,2810,2983
East Midlands,E07000038,North East Derbyshire,736,774,785,804,831,869,897,963,973,1000,1044,990,1020,1070,1080,1136,1235,1346,1334,1333,1395,1466,1523,1658,1712
East Midlands,E07000032,Amber Valley,1513,1533,1510,1541,1603,1644,1721,1845,1899,1973,2037,1919,2013,2038,2140,2232,2346,2412,2448,2498,2576,2739,2769,2941,3154
East Midlands,E07000035,Derbyshire Dales,858,890,899,941,966,999,1057,1122,1139,1176,1218,1162,1234,1259,1340,1358,1346,1356,1420,1454,1554,1546,1515,1640,1798
East Midlands,E07000036,Erewash,844,869,876,923,958,985,1033,1109,1159,1194,1227,1165,1226,1287,1332,1420,1432,1470,1540,1611,1651,1769,1730,1838,1952
East Midlands,E07000037,High Peak,907,923,931,960,995,1034,1077,1134,1141,1157,1190,1109,1127,1172,1217,1221,1278,1353,1405,1458,1486,1477,1458,1556,1751
East Midlands,E07000039,South Derbyshire,1310,1321,1315,1315,1384,1479,1545,1690,1639,1660,1756,1614,1885,1938,2014,2336,2426,2368,2562,2631,2754,3199,3108,3164,2816
East Midlands,E06000018,Nottingham,4559,4742,4823,5110,5409,5755,6296,6655,7127,7391,7607,7572,7882,8223,8455,8591,9181,9346,9673,10142,10324,10504,10237,10693,11477
East Midlands,E07000170,Ashfield,1744,1735,1749,1777,1853,1854,1962,2074,2157,2239,2296,2228,2312,2321,2364,2463,2539,2571,2570,2628,2706,2795,2693,2883,2895
East Midlands,E07000171,Bassetlaw,1184,1253,1280,1311,1371,1426,1503,1557,1612,1665,1703,1677,1743,1791,1864,1921,1938,2008,2048,2086,2167,2279,2350,2428,2608
East Midlands,E07000174,Mansfield,792,825,831,862,898,945,1013,1078,1123,1170,1194,1144,1175,1217,1291,1302,1370,1429,1460,1500,1585,1674,1675,1774,1878
East Midlands,E07000175,Newark and Sherwood,1251,1324,1366,1389,1440,1523,1567,1635,1718,1778,1834,1800,1850,1972,2011,2069,2068,2188,2256,2379,2421,2523,2450,2624,2865
East Midlands,E07000172,Broxtowe,1256,1299,1281,1283,1351,1397,1450,1576,1639,1692,1708,1729,1786,1845,1930,1997,1967,2033,2100,2123,2125,1971,2007,2217,2478
East Midlands,E07000173,Gedling,862,883,887,931,963,982,1016,1072,1118,1166,1204,1165,1193,1216,1284,1290,1312,1375,1409,1447,1460,1515,1533,1675,1729
East Midlands,E07000176,Rushcliffe,1247,1307,1339,1431,1450,1483,1580,1668,1733,1854,1955,1903,1957,1938,2006,2133,2180,2228,2246,2368,2760,3058,3025,3031,3497
East Midlands,E06000016,Leicester,3814,3929,4133,4249,4365,4667,5017,5265,5647,5967,6222,6178,6468,6523,6776,7022,7625,7892,8111,8246,8619,8910,8550,9401,9996
East Midlands,E06000017,Rutland,462,476,512,528,542,568,590,613,648,664,702,669,702,687,707,707,734,778,815,796,818,801,809,915,1024
East Midlands,E07000129,Blaby,1468,1457,1566,1590,1668,1804,2055,2174,2353,2543,2737,2874,2845,2704,2949,3248,3398,3518,3419,3570,3637,3657,3197,3505,4037
East Midlands,E07000130,Charnwood,1883,1946,2075,2261,2353,2486,2609,2723,2847,2890,3081,2945,3014,2987,3033,2912,3023,3194,3412,3554,3663,3630,3608,3983,4468
East Midlands,E07000131,Harborough,1025,1068,1113,1121,1173,1267,1299,1365,1468,1563,1606,1516,1599,1589,1626,1647,1803,1893,1899,2017,2066,2171,2109,2271,2374
East Midlands,E07000132,Hinckley and Bosworth,1163,1173,1259,1299,1331,1406,1451,1496,1646,1739,1860,1702,1809,1836,1913,2003,2119,2132,2152,2290,2327,2388,2269,2572,2817
East Midlands,E07000133,Melton,627,634,655,665,700,720,736,731,793,844,887,897,929,915,951,972,964,1083,1130,1142,1217,1267,1185,1318,1514
East Midlands,E07000134,North West Leicestershire,1648,1672,1753,1787,1871,2039,2088,2195,2350,2494,2564,2425,2576,2552,2653,2879,2973,3019,3205,3272,3581,3677,3346,3933,4445
East Midlands,E07000135,Oadby and Wigston,465,477,496,511,520,554,578,592,627,653,688,666,687,681,724,728,723,726,755,745,769,783,741,833,892
East Midlands,E06000062,West Northamptonshire,5334,5423,5808,6018,6217,6505,6841,7226,7863,8369,8702,8413,8744,8848,8989,9562,9966,10360,10767,11456,12240,12644,12144,13420,14602
East Midlands,E06000061,North Northamptonshire,3625,3721,3891,3961,3992,4240,4426,4585,4814,5077,5293,5068,5302,5207,5536,5716,5999,6211,6380,6532,6843,7073,6795,7440,8202
East Midlands,E07000136,Boston,696,698,739,800,838,887,870,888,927,982,1029,999,1005,1051,1107,1162,1244,1257,1297,1373,1416,1450,1374,1473,1591
East Midlands,E07000137,East Lindsey,1254,1271,1335,1414,1507,1563,1566,1577,1696,1732,1848,1778,1801,1882,1927,2034,2067,2104,2146,2265,2272,2436,2342,2558,2695
East Midlands,E07000138,Lincoln,1249,1277,1303,1400,1495,1624,1633,1724,1886,2011,2159,2134,2146,2166,2196,2304,2356,2510,2533,2620,2734,2843,2689,2862,3026
East Midlands,E07000139,North Kesteven,1272,1304,1352,1448,1534,1606,1583,1607,1739,1821,1917,1847,1857,1878,1987,2084,2159,2175,2165,2372,2508,2664,2632,2895,3188
East Midlands,E07000140,South Holland,1089,1105,1159,1244,1268,1322,1270,1271,1345,1425,1472,1446,1450,1481,1574,1687,1716,1733,1830,2001,2079,2116,2155,2421,2468
East Midlands,E07000141,South Kesteven,1435,1455,1514,1652,1735,1858,1861,1926,2038,2178,2306,2214,2271,2269,2427,2503,2553,2534,2528,2733,2771,2864,2751,2934,3202
East Midlands,E07000142,West Lindsey,757,756,837,863,912,954,950,955,1013,1055,1138,1075,1083,1102,1150,1251,1303,1324,1313,1371,1458,1603,1597,1805,1960
West Midlands,E06000019,"Herefordshire, County of",2164,2276,2385,2405,2532,2604,2589,2612,2709,2774,2935,2827,2843,2992,3096,3239,3419,3518,3543,3692,3894,4049,3893,4170,4456
West Midlands,E07000234,Bromsgrove,1308,1350,1438,1455,1444,1551,1705,1826,2021,1795,1941,2086,2118,2238,2395,2479,2494,2347,2450,2782,2841,2847,2820,2872,3333
West Midlands,E07000235,Malvern Hills,823,879,919,973,1065,1096,1136,1134,1182,1216,1268,1233,1305,1376,1351,1345,1407,1409,1444,1499,1629,1756,1646,1689,1816
West Midlands,E07000236,Redditch,1003,1037,1077,1087,1096,1151,1227,1252,1328,1345,1403,1356,1408,1483,1573,1723,1924,2042,2083,2233,2207,2161,2024,2012,2142
West Midlands,E07000237,Worcester,1501,1567,1645,1669,1714,1853,1966,2015,2155,2206,2280,2250,2312,2412,2639,2823,2904,3008,2796,2943,3044,3102,3086,3170,3407
West Midlands,E07000238,Wychavon,1355,1434,1508,1555,1558,1661,1740,1767,1881,1927,2025,1914,1944,2084,2210,2239,2416,2533,2577,2717,2900,3063,3096,3216,3326
West Midlands,E07000239,Wyre Forest,830,865,893,906,926,983,1024,1057,1111,1136,1171,1118,1125,1177,1225,1241,1298,1285,1321,1369,1426,1492,1440,1507,1591
West Midlands,E07000218,North Warwickshire,1299,1403,1453,1455,1478,1556,1604,1675,1766,1767,1812,1725,1809,1897,2065,2180,2252,2397,2320,2615,2930,2920,2749,2932,3159
West Midlands,E07000219,Nuneaton and Bedworth,920,972,1009,1032,1046,1092,1154,1198,1261,1283,1335,1271,1293,1360,1504,1659,1794,1848,1803,1963,2085,2163,2067,2143,2282
West Midlands,E07000220,Rugby,1376,1497,1560,1609,1662,1752,1904,1954,2065,2127,2215,2067,2152,2247,2413,2396,2510,2664,2820,2984,2962,2876,2796,3019,3374
West Midlands,E07000221,Stratford-on-Avon,1863,2028,2180,2204,2271,2301,2342,2630,2796,2868,3019,2794,2980,3169,3387,3742,3890,4076,4293,4930,5068,5043,4496,4908,5019
West Midlands,E07000222,Warwick,2403,2555,2619,2659,2809,3137,3263,3385,3577,3625,3763,3730,3825,3992,4186,4637,5051,5519,5648,6308,6302,6477,6209,5942,6619
West Midlands,E06000020,Telford and Wrekin,2322,2403,2420,2559,2631,2739,2892,2980,3075,3135,3242,3140,3204,3315,3430,3579,3672,3727,4097,4263,4418,4651,4733,5457,6143
West Midlands,E06000051,Shropshire,3341,3389,3489,3640,3871,4088,4292,4460,4604,4717,5020,4800,4896,5021,5124,5334,5547,5628,5834,6000,6301,6336,6155,7080,7856
West Midlands,E06000021,Stoke-on-Trent,2793,2799,2852,2935,3079,3249,3495,3673,3828,3959,4223,4173,4218,4369,4496,4650,4719,4844,4874,5239,5619,5792,5757,6515,6845
West Midlands,E07000192,Cannock Chase,1082,1092,1128,1192,1261,1316,1368,1455,1482,1519,1566,1451,1492,1535,1580,1637,1715,1815,1852,2070,2206,2172,2017,2266,2436
West Midlands,E07000193,East Staffordshire,2207,2224,2285,2315,2466,2597,2834,2966,3018,3026,3156,2866,3085,3245,3284,3350,3369,3543,3546,3405,3502,3678,3334,3965,4390
West Midlands,E07000194,Lichfield,1149,1183,1209,1267,1358,1444,1531,1582,1638,1674,1770,1671,1720,1740,1845,1917,2037,2236,2316,2413,2320,2440,2376,2765,3024
West Midlands,E07000195,Newcastle-under-Lyme,1204,1225,1238,1297,1362,1435,1537,1621,1651,1697,1790,1724,1772,1831,1806,1853,1912,1991,2062,2117,2194,2275,2136,2497,2702
West Midlands,E07000196,South Staffordshire,962,976,998,1031,1098,1137,1178,1204,1247,1264,1319,1249,1295,1335,1326,1363,1404,1488,1567,1709,1781,1914,1948,2224,2308
West Midlands,E07000197,Stafford,1659,1643,1699,1775,1868,1975,2032,2094,2192,2277,2413,2378,2479,2519,2563,2668,2790,2850,3024,3153,3199,3265,3149,3580,3799
West Midlands,E07000198,Staffordshire Moorlands,860,872,862,878,924,988,1047,1072,1116,1152,1202,1102,1166,1208,1224,1357,1398,1338,1335,1447,1533,1526,1427,1673,1876
West Midlands,E07000199,Tamworth,782,803,819,865,904,953,1012,1059,1080,1110,1147,1074,1103,1129,1082,1091,1157,1274,1339,1497,1644,1661,1597,1974,2135
West Midlands,E08000025,Birmingham,13635,14047,14444,15282,15897,16817,17752,18697,19167,20107,20485,20303,20935,21321,21802,22971,23921,24697,25962,26650,27729,28337,26871,29240,32013
West Midlands,E08000029,Solihull,4194,4243,4478,4697,4750,4918,5025,5250,5344,5521,5527,5181,5610,5767,6060,6369,6707,7375,8363,9142,9401,9666,8471,8823,9711
West Midlands,E08000026,Coventry,4950,5059,5196,5441,5525,5771,6035,6398,6472,6815,7080,7071,7444,7588,7738,7962,8589,9105,9982,9818,9963,10181,9410,9894,10723
West Midlands,E08000027,Dudley,3240,3340,3393,3556,3663,3723,3859,3993,4101,4266,4289,4029,4172,4264,4445,4569,4679,4711,4897,5098,5152,5273,4931,5440,5931
West Midlands,E08000028,Sandwell,3676,3712,3743,3831,3990,4157,4271,4424,4611,4647,4721,4621,4682,4646,4810,5020,5468,5722,6013,6333,6560,6391,6231,6393,6798
West Midlands,E08000030,Walsall,2634,2692,2729,2806,2883,3002,3141,3282,3336,3447,3507,3307,3464,3664,3813,4079,4357,4436,4660,4723,4702,4666,4295,4738,5088
West Midlands,E08000031,Wolverhampton,3013,3127,3217,3376,3510,3627,3733,3920,4035,4166,4256,4037,4121,4274,4236,4296,4376,4213,4521,4856,5125,5256,4927,5460,6069
East,E06000031,Peterborough,3233,3378,3400,3570,3656,3796,4072,4534,5035,5111,5032,4644,4756,4897,5054,5049,5434,5313,5700,6309,6783,6449,6327,6838,7189
East,E07000008,Cambridge,2470,2617,2768,2979,3090,3274,3453,3723,4049,4252,4430,4536,4637,4747,4953,5215,5313,5608,5812,6165,6256,6754,6971,7368,8126
East,E07000009,East Cambridgeshire,980,996,1036,1086,1188,1220,1204,1216,1277,1310,1401,1399,1402,1447,1474,1530,1603,1660,1730,1817,1851,2022,2055,2082,2117
East,E07000010,Fenland,948,970,1032,1082,1153,1201,1217,1245,1295,1338,1396,1410,1453,1499,1539,1626,1660,1662,1681,1753,1734,1793,1760,1908,2059
East,E07000011,Huntingdonshire,2091,2201,2313,2429,2534,2661,2737,2864,3073,3188,3302,3279,3425,3479,3540,3605,3801,3918,4176,4325,4391,4741,4563,4835,5100
East,E07000012,South Cambridgeshire,2339,2447,2560,2678,2845,2974,3122,3235,3469,3631,3772,3692,3867,3914,4295,4279,4428,4679,4795,5091,5224,5451,5582,5861,6441
East,E07000200,Babergh,977,1017,1070,1121,1165,1201,1220,1240,1312,1349,1382,1348,1420,1441,1468,1505,1581,1593,1621,1670,1651,1766,1731,1882,2003
East,E07000202,Ipswich,2032,2131,2197,2279,2341,2493,2686,2975,3270,3288,3260,3167,3082,3101,3238,3452,3660,3783,4041,4106,4149,4312,4159,4252,4528
East,E07000203,Mid Suffolk,1047,1093,1169,1203,1276,1324,1357,1380,1444,1496,1576,1549,1574,1612,1677,1713,1791,1849,1906,2027,2142,2264,2188,2324,2471
East,E07000244,East Suffolk,2704,2821,2993,3078,3236,3427,3533,3723,3888,3991,4067,3927,4003,4142,4306,4463,4556,4565,4629,4878,4967,5364,5066,5458,5889
East,E07000245,West Suffolk,2506,2622,2790,2940,3076,3180,3281,3435,3709,3822,4025,4023,4097,4209,4388,4602,4707,4965,5260,5423,5493,5739,5203,5549,5920
East,E07000144,Broadland,1224,1219,1296,1358,1463,1566,1593,1633,1795,1912,2111,2323,2307,2230,2340,2510,2498,2642,2877,3306,3128,3970,3629,4106,4498
East,E07000145,Great Yarmouth,939,961,1015,1061,1116,1181,1245,1279,1390,1431,1526,1527,1550,1587,1766,1786,1841,1809,1651,1667,1614,1740,1633,1813,2109
East,E07000148,Norwich,1846,1947,2074,2196,2276,2398,2536,2752,2997,3068,3089,3085,3108,3182,3326,3555,3707,3754,3803,4024,3994,4233,3973,4124,4485
East,E07000146,King's Lynn and West Norfolk,1711,1760,1846,1888,1974,2084,2091,2169,2252,2319,2436,2454,2469,2535,2663,2760,2818,2839,2934,2960,2992,3110,3008,3139,3412
East,E07000147,North Norfolk,868,890,941,979,1039,1080,1098,1131,1186,1223,1295,1262,1268,1289,1321,1334,1416,1433,1466,1513,1517,1542,1503,1658,1767
East,E07000143,Breckland,1137,1189,1270,1351,1418,1475,1508,1565,1698,1744,1828,1841,1861,1917,1934,2014,2116,2191,2275,2328,2322,2487,2496,2675,2791
East,E07000149,South Norfolk,1267,1349,1453,1512,1591,1700,1774,1851,1969,2019,2059,2029,2085,2139,2273,2345,2434,2435,2493,2567,2586,2778,2797,3031,3296
East,E06000032,Luton,2827,2933,3194,3361,3449,3609,3641,3787,3909,4133,4361,4068,4103,4094,4250,4700,5228,5447,5531,5833,5908,6134,5239,5530,6649
East,E07000095,Broxbourne,1353,1458,1530,1592,1625,1735,1745,1892,1997,2121,2362,2246,2149,2128,2240,2332,2453,2403,2195,2263,2301,2281,2117,2288,2440
East,E07000096,Dacorum,2135,2231,2357,2472,2581,2723,2835,2997,3069,3224,3378,3226,3223,3301,3327,3424,3559,3689,3828,4270,4410,4627,4663,5172,5719
East,E07000098,Hertsmere,1890,1983,2033,2148,2151,2284,2394,2602,2629,2771,2934,2963,2866,2861,2978,3191,3394,3479,3793,4164,4187,4282,4110,4843,5178
East,E07000099,North Hertfordshire,1729,1820,1955,2018,2069,2195,2230,2390,2423,2478,2587,2529,2582,2615,2690,2884,3090,3125,3193,3374,3529,3624,3681,4084,4309
East,E07000102,Three Rivers,1758,1851,1903,2038,2107,2289,2384,2444,2417,2557,2639,2538,2578,2688,2640,2992,3377,3511,3667,4173,4404,4636,4294,4486,4844
East,E07000103,Watford,1906,1992,2111,2237,2350,2526,2695,2835,2946,3128,3261,3215,3155,3201,3396,3724,4041,4492,4833,5360,5264,5123,4482,4813,5217
East,E07000240,St Albans,1935,2008,2170,2244,2352,2438,2582,2751,2800,2928,3049,2876,2940,2950,2981,3122,3322,3819,3979,4177,4284,4447,4223,4510,5130
East,E07000241,Welwyn Hatfield,2342,2533,2634,2764,2895,3058,3173,3461,3498,3609,3722,3486,3388,3204,3229,3497,3731,3784,3868,4313,4704,5587,5641,5877,6188
East,E07000242,East Hertfordshire,2005,2221,2347,2446,2503,2639,2681,2966,3222,3424,3903,3684,3442,3300,3046,3069,3271,3314,3817,3841,3881,4090,3912,4227,4535
East,E07000243,Stevenage,1489,1598,1662,1707,1759,1884,2009,2214,2253,2309,2392,2212,2177,2131,2265,2404,2464,2512,2509,2684,2626,2656,2382,2575,2874
East,E06000055,Bedford,2053,2157,2256,2365,2463,2594,2666,2878,2969,3072,3236,3131,3091,3055,3133,3227,3441,3563,3684,3981,4023,4298,3920,4415,4763
East,E06000056,Central Bedfordshire,2890,3009,3199,3312,3469,3603,3643,3845,3903,4049,4241,4064,4136,4215,4370,4683,4963,5139,5511,6000,6074,6018,5450,5964,6436
East,E06000033,Southend-on-Sea,1525,1578,1648,1761,1843,1994,2088,2157,2292,2378,2465,2470,2491,2494,2578,2602,2695,2720,2827,3044,3151,3080,2714,3052,3321
East,E06000034,Thurrock,2097,2066,2092,2241,2268,2593,2681,2839,2940,3052,3101,3058,3128,2977,3093,3011,3240,3485,3564,4031,4239,4354,4100,4703,5616
East,E07000067,Braintree,1606,1600,1705,1812,1831,2012,2054,2107,2181,2239,2290,2205,2284,2264,2305,2392,2650,2890,3350,3834,3739,3519,3185,3701,4096
East,E07000071,Colchester,1985,2015,2147,2325,2392,2602,2662,2784,2897,3020,3121,3119,3248,3320,3494,3527,3669,3906,4037,4311,4533,4752,4289,4736,5141
East,E07000076,Tendring,1028,1042,1069,1132,1151,1259,1311,1343,1373,1414,1500,1406,1457,1462,1467,1503,1537,1616,1691,1834,1868,1958,1842,2078,2255
East,E07000072,Epping Forest,1634,1711,1794,1949,2076,2264,2314,2372,2515,2637,2691,2665,2775,2753,2749,2741,2876,3232,3558,3888,4044,4057,3580,4002,4273
East,E07000073,Harlow,1435,1445,1506,1593,1664,1852,1934,1993,2071,2129,2142,1937,2028,1911,1854,1922,1929,2002,2086,2250,2312,2157,1956,2209,2428
East,E07000077,Uttlesford,1089,1153,1230,1295,1348,1467,1485,1534,1572,1626,1694,1651,1723,1723,1789,1945,1980,2050,2114,2228,2277,2414,2125,2346,2703
East,E07000068,Brentwood,1288,1303,1411,1548,1594,1725,1731,1811,1896,1998,2040,1991,2039,2035,1931,2013,2436,2828,2918,3168,3303,3375,2797,3059,3239
East,E07000070,Chelmsford,2588,2595,2734,2965,3038,3310,3383,3470,3618,3750,3772,3804,3843,3857,4132,4191,4427,4384,4468,4724,4948,5215,5038,5685,6309
East,E07000074,Maldon,596,605,644,680,696,754,763,772,804,818,862,819,857,866,877,917,942,955,996,1089,1090,1132,1067,1173,1318
East,E07000066,Basildon,2870,2868,3111,3289,3377,3672,3692,3834,3977,4119,4378,4067,4343,4365,4602,4911,5103,5017,5280,5502,5728,6072,5847,6452,7302
East,E07000069,Castle Point,523,536,564,602,619,673,674,698,717,751,779,751,769,776,794,814,858,895,903,963,990,1022,969,1083,1207
East,E07000075,Rochford,658,678,712,743,744,800,800,826,854,869,906,861,867,874,938,993,1027,1088,1152,1196,1228,1296,1282,1413,1610
London,E09000001,City of London,24000,24102,26672,26907,28319,30772,33008,37517,41930,46353,45516,48494,51925,53232,53295,56615,59949,60518,66230,69435,73128,77972,81404,90978,97412
London,E09000007,Camden,10269,10940,11892,12458,12864,13734,14779,15974,16504,18080,18771,18687,19121,19963,20742,22278,24634,28542,32268,33547,34663,34610,29472,33090,36540
London,E09000033,Westminster,25972,27373,29741,31105,32325,34000,35352,38663,40001,44251,46518,45702,47678,49260,52207,54765,58826,58906,64591,68426,72075,75551,69927,77550,89449
London,E09000013,Hammersmith and Fulham,3595,3896,4186,4434,4604,4878,5117,5426,5442,5964,6404,6273,6416,6763,7394,7958,8701,9207,9472,10163,10870,11705,11241,11325,11484
London,E09000020,Kensington and Chelsea,3813,4060,4370,4578,4724,4861,5159,5471,5712,6358,6830,6389,6545,6994,8097,8933,9575,9653,9677,9671,10471,9945,8611,9221,10604
London,E09000032,Wandsworth,2997,3274,3506,3744,3912,4061,4227,4562,4776,5210,5382,5147,5201,5449,5988,6295,6797,7216,7406,7306,7445,7466,6711,7068,7716
London,E09000012,Hackney,2474,2645,2860,3018,3139,3339,3496,3795,3961,4290,4473,4428,4625,4927,5067,5320,5880,6162,6541,7097,7943,9254,9360,10313,11577
London,E09000025,Newham,2698,2797,2990,3135,3258,3418,3528,3757,3868,4128,4394,4268,4416,4619,4971,5135,5385,5690,5902,6237,6348,6672,6120,6868,7268
London,E09000030,Tower Hamlets,12314,12622,13976,14287,14970,15988,17176,19276,21211,23499,24477,25681,26746,28955,28402,29872,31664,32062,34187,37034,36113,35718,34615,35246,36556
London,E09000014,Haringey,1821,1953,2060,2191,2267,2347,2469,2645,2699,2927,2974,2867,3003,3097,3275,3322,3618,3799,3731,3924,4003,4013,3511,3916,4523
London,E09000019,Islington,7353,7731,8564,8813,9139,9662,10181,10892,11399,12599,13377,13325,13838,14533,14963,16210,17361,18248,18681,18883,19834,20251,18537,19960,25497
London,E09000023,Lewisham,1667,1763,1881,2046,2123,2274,2383,2580,2719,2921,3023,2876,2956,3104,3334,3348,3561,3671,3651,3671,3658,3704,3404,3564,3841
London,E09000028,Southwark,6684,7098,7834,8154,8445,8874,9367,10212,10620,11799,12499,12630,13351,14685,15420,15983,15757,17022,18132,18535,20129,21351,19422,20240,21740
London,E09000022,Lambeth,4702,5045,5536,5918,6007,6360,6738,7382,7527,8431,8993,8810,9473,10058,10262,9770,11119,11555,12158,12473,12782,12663,11016,12211,14853
London,E09000004,Bexley,3070,3237,3371,3514,3647,3839,3937,4175,4401,4631,4757,4529,4617,4648,5033,5578,5686,5924,6313,6113,6140,6382,5673,5771,6123
London,E09000011,Greenwich,2579,2734,2834,2926,3067,3252,3430,3659,3889,4042,4193,3930,4156,4275,4351,4477,4670,4825,5058,5300,5496,5864,4931,5250,5886
London,E09000002,Barking and Dagenham,2338,2289,2269,2260,2237,2307,2417,2442,2685,2825,2919,2718,3003,3059,3228,3524,3565,3487,3371,3338,3419,3500,2888,3280,3643
London,E09000016,Havering,2929,3095,3222,3355,3470,3682,3815,4047,4260,4479,4461,4144,4239,4201,4530,4650,4919,5044,5316,5417,5653,5843,5308,5835,6640
London,E09000026,Redbridge,2553,2712,2836,2932,3074,3265,3443,3626,3848,4003,4033,3729,3799,3840,4148,4228,4334,4608,4778,4861,4965,4926,4282,4719,5248
London,E09000031,Waltham Forest,2043,2158,2241,2353,2476,2628,2758,2930,3112,3274,3248,2988,3067,3120,3390,3493,3685,3881,4001,4057,4171,4370,3751,4054,4627
London,E09000010,Enfield,3684,3900,4077,4258,4432,4755,4945,5183,5479,5801,5927,5451,5698,5739,5964,6160,6440,6832,7046,7047,7523,7846,6963,7387,7886
London,E09000006,Bromley,4415,4680,4753,4910,5173,5513,5760,6048,6486,6748,6749,6322,6414,6435,6818,7034,7105,7221,7533,7760,7875,7738,6957,7004,7493
London,E09000008,Croydon,4980,5225,5494,5704,5881,6254,6532,6944,7199,7701,7680,7358,7263,7176,7431,7493,8208,8259,8411,8635,9348,10023,9330,9840,10676
London,E09000021,Kingston upon Thames,2629,2793,2946,3042,3146,3323,3502,3673,3864,4127,4213,3990,3992,4025,4145,4130,4453,4526,5029,5001,5148,5236,4567,4367,5028
London,E09000024,Merton,3112,3315,3459,3553,3594,3737,3861,4076,4250,4500,4545,4200,4299,4354,4618,4921,5272,5381,5516,5389,5452,5667,5094,5431,5634
London,E09000029,Sutton,2417,2553,2713,2796,2882,3034,3154,3338,3508,3723,3759,3478,3534,3534,3702,3739,3920,3927,4114,4164,4081,4230,3854,4094,4307
London,E09000003,Barnet,4150,4456,4638,4808,5014,5307,5504,5773,6161,6457,6483,6181,6270,6380,6938,7172,7663,7958,8279,8272,8575,8823,8381,8778,9633
London,E09000005,Brent,4044,4376,4604,4759,4918,5081,5183,5494,5837,6078,6136,5779,5885,5993,6500,6893,7520,7985,8305,8376,8422,8975,8188,8317,8967
London,E09000009,Ealing,4740,5044,5270,5458,5609,5890,6066,6325,6674,7017,7096,6637,6749,6919,7469,7989,8591,8997,9374,9103,9234,9302,8839,8786,8984
London,E09000015,Harrow,2623,2785,2869,2970,3113,3333,3460,3601,3780,4011,4037,3741,3851,3932,4058,4192,4542,4791,4972,5027,5148,5238,4672,5025,5134
London,E09000017,Hillingdon,8608,9071,9522,9592,9746,10194,10544,10960,11140,11480,11503,10420,10737,11193,11277,11936,13178,13427,13171,13820,14178,14387,10727,10834,12236
London,E09000018,Hounslow,6281,6736,7277,7592,7857,8085,8244,8728,9831,10639,11440,11176,11529,11755,12773,13605,14740,15450,16351,16427,16184,16859,12919,12562,14876
London,E09000027,Richmond upon Thames,3278,3479,3678,3792,3871,4051,4227,4457,4708,5008,5033,4849,4800,4925,5290,5544,5757,6127,6505,6876,7605,7581,6607,6707,7096
South East,E06000036,Bracknell Forest,2684,2829,2933,3061,3251,3491,3457,3612,3736,3964,4146,4042,4201,4374,4528,4606,4704,5061,4879,5153,5215,5285,4907,5080,5409
South East,E06000037,West Berkshire,3655,3954,4196,4224,4361,4559,4731,5059,5301,5506,5720,5606,5664,5937,6428,6591,6561,7067,7101,7077,7398,8278,8892,8803,9196
South East,E06000038,Reading,3618,3947,4293,4290,4363,4664,4962,5327,5521,5754,6047,6161,6130,6365,6736,6904,7366,7366,7722,7677,8568,8498,8277,9292,10708
South East,E06000039,Slough,4457,4807,5211,5311,5548,5897,6029,6295,6505,6756,7019,6945,7016,7367,7333,7581,7844,7708,7870,7826,8154,8665,9209,9780,11059
South East,E06000040,Windsor and Maidenhead,3369,3565,3726,3840,3997,4316,4354,4617,4735,4974,5207,5157,5251,5495,5729,6158,6165,6492,6983,7670,7753,7626,7413,7851,8374
South East,E06000041,Wokingham,2839,3023,3116,3225,3409,3795,3923,4191,4430,4756,4852,4809,4906,5119,5339,5033,5606,5712,6007,6392,7138,8156,8537,9024,9943
South East,E06000042,Milton Keynes,5154,5344,5697,6078,6538,7109,7090,7467,7853,8279,8579,8268,8672,9007,9243,9791,10910,12188,11988,13011,13511,13869,13442,14314,15040
South East,E06000060,Buckinghamshire,8258,8653,9078,9412,9697,10169,10287,10866,11202,11723,12417,12133,12228,12685,12980,13382,13784,13893,14211,14402,14938,16144,15859,16685,18054
South East,E07000177,Cherwell,2441,2537,2667,2728,2849,2951,2978,3091,3157,3315,3541,3416,3515,3606,3745,3898,4172,4265,4377,4476,4694,4992,5120,5167,5680
South East,E07000178,Oxford,2599,2737,2946,3116,3407,3661,3795,3930,4094,4262,4625,4598,4808,4956,5122,5319,5756,5907,6006,6039,6310,6899,7054,7419,8400
South East,E07000179,South Oxfordshire,2180,2275,2338,2318,2473,2605,2594,2729,2783,2920,3030,2916,3031,3152,3186,3400,3568,3862,3555,3724,3864,4276,4611,4822,5030
South East,E07000180,Vale of White Horse,2206,2282,2375,2429,2551,2709,2731,2908,2997,3150,3354,3326,3438,3559,3789,3941,3923,4024,3945,4130,4337,4382,4791,5040,5751
South East,E07000181,West Oxfordshire,1469,1488,1556,1602,1709,1765,1760,1831,1899,2004,2168,2081,2136,2222,2306,2384,2499,2543,2624,2696,2854,3040,3052,3070,3356
South East,E06000043,Brighton and Hove,3347,3570,3752,4023,4189,4349,4514,4844,5218,5402,5699,5751,5755,5865,6343,6750,7054,7325,7744,8104,8454,8885,8733,9623,11263
South East,E07000061,Eastbourne,916,972,1023,1076,1136,1198,1232,1310,1376,1421,1508,1475,1486,1514,1510,1535,1579,1583,1763,1835,1844,1952,1964,2111,2231
South East,E07000062,Hastings,747,772,794,827,882,920,963,997,1041,1062,1157,1147,1165,1211,1206,1217,1288,1363,1478,1493,1507,1569,1522,1661,1711
South East,E07000063,Lewes,899,945,998,1062,1092,1139,1155,1216,1259,1297,1383,1335,1339,1331,1351,1403,1465,1585,1643,1727,1828,1905,1931,1974,2179
South East,E07000064,Rother,678,715,744,785,817,854,872,924,968,1001,1066,1026,1008,1003,1002,1053,1113,1218,1273,1241,1245,1317,1321,1498,1559
South East,E07000065,Wealden,1371,1453,1512,1562,1620,1663,1672,1758,1829,1876,2026,1913,1955,1960,1981,2025,2151,2309,2387,2458,2533,2601,2517,2806,3007
South East,E07000207,Elmbridge,2466,2636,2811,2906,2909,2992,3060,3168,3382,3476,3627,3486,3556,3711,3806,3987,4785,5436,5702,6007,6327,6880,6778,7000,6788
South East,E07000209,Guildford,2654,2823,2988,3062,3160,3258,3338,3503,3707,3839,4089,4079,4227,4209,4342,4508,4518,4892,4905,4892,5172,5583,5525,6024,6318
South East,E07000212,Runnymede,2367,2554,2665,2814,2965,3108,3155,3237,3478,3685,4036,4151,4189,4189,4616,4909,5325,5292,5612,6103,6151,6514,7041,6566,7231
South East,E07000213,Spelthorne,1597,1744,1885,1933,1950,2020,2066,2237,2343,2386,2507,2419,2459,2505,2559,2655,2733,2866,2881,2933,3064,3306,3424,3539,4042
South East,E07000214,Surrey Heath,1792,1868,1950,2006,2045,2139,2189,2266,2433,2539,2596,2552,2806,2811,2971,3115,2905,3185,3117,3130,3518,3931,4009,3818,3936
South East,E07000216,Waverley,1790,1894,2021,2108,2175,2274,2323,2452,2621,2682,2839,2774,2810,2867,2814,2909,3022,3247,3162,3199,3179,3315,3345,3632,3806
South East,E07000217,Woking,1742,1882,2023,2096,2164,2238,2276,2411,2590,2647,2785,2718,2760,2815,2800,2978,3256,3060,3075,3093,3204,3113,2970,3108,3192
South East,E07000208,Epsom and Ewell,925,976,1028,1073,1131,1166,1198,1238,1330,1368,1449,1425,1460,1459,1537,1488,1551,1636,1677,1664,1645,1725,1708,1769,1915
South East,E07000210,Mole Valley,1975,2104,2229,2344,2411,2468,2615,2805,3042,3145,3282,3239,3284,3338,3965,4444,4429,3898,4003,3988,4123,4259,3991,4014,4903
South East,E07000211,Reigate and Banstead,4114,4290,4378,4604,4699,4775,5139,5454,6151,6405,6456,6731,6809,6635,6787,6955,6890,6881,6488,6790,5938,5964,5495,6148,7028
South East,E07000215,Tandridge,993,1069,1113,1148,1203,1247,1260,1317,1396,1454,1541,1456,1509,1516,1428,1501,1658,1782,1795,1724,1759,1843,1764,1950,2148
South East,E07000223,Adur,628,656,685,716,730,750,760,805,855,887,923,884,904,892,940,894,931,1012,1032,1065,1092,1109,1104,1146,1274
South East,E07000224,Arun,1172,1228,1265,1335,1390,1456,1472,1516,1566,1618,1727,1645,1694,1713,1790,1898,1972,2017,2136,2195,2336,2370,2266,2553,2832
South East,E07000225,Chichester,1663,1723,1829,1870,1933,2024,2058,2149,2246,2277,2474,2448,2486,2559,2682,2806,2860,3072,3149,3324,3401,3561,3348,3567,3940
South East,E07000229,Worthing,1484,1780,1850,1849,2110,2268,2262,2229,2349,2495,2645,2488,2621,2643,2810,2877,2815,2966,3254,3688,3902,4115,4206,4383,4878
South East,E07000226,Crawley,3152,3257,3281,3287,3424,3495,3473,3469,3716,3811,4136,4029,4201,4231,4481,4743,4879,5271,5477,5826,5894,6024,4728,5212,6021
South East,E07000227,Horsham,1722,1873,1947,2002,2121,2196,2214,2330,2428,2533,2738,2618,2692,2752,2813,2640,2759,2829,2998,3038,3390,3436,3399,3591,3813
South East,E07000228,Mid Sussex,1663,1745,1842,1910,1965,2049,2099,2200,2318,2423,2579,2522,2584,2618,2710,2744,2833,3038,3104,3195,3295,3523,3451,3634,3969
South East,E06000044,Portsmouth,2828,2910,3040,3197,3392,3554,3808,4040,4188,4480,4774,4748,4842,4946,5233,5374,5562,5546,5508,5832,5929,6436,6371,6743,7509
South East,E06000045,Southampton,3347,3419,3528,3710,4013,4267,4722,5005,5114,5412,5743,5948,6115,6571,6632,6772,6981,7468,7533,8276,8558,8856,8475,8931,10023
South East,E06000046,Isle of Wight,1195,1238,1298,1344,1448,1520,1620,1678,1769,1813,1924,1859,1895,1966,2064,2202,2318,2364,2317,2420,2451,2637,2554,2747,3067
South East,E07000086,Eastleigh,2002,2023,2152,2331,2432,2545,2635,2747,2858,2968,3072,2968,3094,3170,3235,3293,3590,3744,3891,4169,4063,4339,4081,4475,4742
South East,E07000087,Fareham,1537,1549,1627,1687,1718,1765,1842,1948,2003,2086,2208,2108,2200,2291,2421,2500,2667,2653,2786,2910,2890,3042,2962,3182,3530
South East,E07000088,Gosport,588,597,621,643,667,709,740,770,794,822,874,869,879,886,892,924,987,990,1009,1058,1064,1085,1058,1117,1222
South East,E07000090,Havant,1483,1477,1555,1579,1689,1663,1761,1859,1945,2086,2237,2240,2430,2502,2687,2814,2812,2808,2801,2714,2558,2578,2525,2486,2652
South East,E07000085,East Hampshire,1494,1562,1622,1674,1737,1775,1804,1912,1971,2030,2132,2089,2149,2228,2280,2239,2281,2356,2289,2390,2484,2698,2593,2713,2994
South East,E07000091,New Forest,2466,2442,2564,2729,2771,2957,3118,3184,3215,3338,3431,3380,3534,3578,3585,3800,3797,3963,4070,4180,4397,4689,4445,4780,5618
South East,E07000093,Test Valley,1817,1824,1928,2008,2050,2106,2168,2272,2349,2430,2538,2434,2538,2618,2703,2757,2910,3061,3181,3187,3282,3502,3392,3632,4013
South East,E07000094,Winchester,2232,2320,2457,2575,2664,2748,2928,3127,3240,3486,3653,3636,3760,3865,4093,4250,4595,4901,5031,5377,5327,5533,5032,5539,6036
South East,E07000084,Basingstoke and Deane,3839,3930,4177,4358,4618,4743,4967,5222,5313,5566,5813,6004,6155,6289,6483,6843,6701,6436,6402,6426,6718,7158,6815,7054,8033
South East,E07000089,Hart,1589,1645,1833,1999,2160,2195,2290,2391,2468,2677,2769,2609,2746,2821,2812,3066,3205,3469,3655,2957,3022,3306,3048,3127,3437
South East,E07000092,Rushmoor,1502,1522,1623,1794,1912,2004,2140,2251,2335,2522,2677,2668,2805,2886,2949,2993,3060,3228,3536,4716,5328,6159,6346,6484,6667
South East,E06000035,Medway,2590,2658,2693,2825,2981,3178,3350,3580,3749,3902,4157,4055,4172,4271,4471,4622,4729,4849,5064,5353,5491,5902,5993,6000,6715
South East,E07000107,Dartford,1726,1800,1842,1900,2047,2187,2267,2418,2490,2592,2786,2654,2678,2773,2907,3027,3286,3583,3895,3755,3811,3885,3613,3816,4007
South East,E07000109,Gravesham,812,828,837,878,940,976,1007,1059,1079,1132,1233,1170,1205,1218,1302,1336,1386,1450,1540,1580,1640,1775,1789,1915,2156
South East,E07000113,Swale,1649,1688,1704,1792,1904,2020,2058,2046,2029,2112,2249,1984,2092,2161,2149,2223,2344,2446,2594,2616,2799,3138,3187,3507,3360
South East,E07000106,Canterbury,1645,1683,1722,1824,1917,2042,2169,2324,2393,2497,2683,2621,2715,2774,2789,2899,3085,3047,3010,3235,3406,3427,3344,3623,4009
South East,E07000108,Dover,1377,1514,1718,1743,1657,1744,1930,1906,1789,1785,2004,1800,1878,2034,2001,2018,2108,2280,2286,2315,2412,2483,2390,2537,2901
South East,E07000112,Folkestone and Hythe,1101,1137,1154,1164,1242,1313,1358,1497,1599,1641,1739,1708,1694,1727,1778,1816,1810,1929,2071,2200,2175,2268,2244,2168,2473
South East,E07000114,Thanet,1048,1092,1108,1144,1214,1296,1356,1457,1499,1549,1678,1588,1612,1620,1621,1680,1740,1799,1893,2005,2077,2150,2102,2196,2458
South East,E07000105,Ashford,1507,1576,1613,1674,1754,1811,1905,2044,2160,2247,2367,2239,2294,2339,2468,2488,2688,2790,2842,2899,3002,3241,3117,3212,3536
South East,E07000110,Maidstone,2029,2071,2140,2249,2351,2513,2636,2747,2837,2996,3201,3058,3159,3243,3214,3346,3496,3675,3811,3954,4174,4504,4524,4754,5190
South East,E07000111,Sevenoaks,1638,1672,1706,1804,1877,1986,2080,2240,2296,2390,2513,2360,2443,2584,2765,2965,3089,3353,3622,3739,4050,4067,3964,4193,4548
South East,E07000115,Tonbridge and Malling,2115,2227,2288,2373,2485,2587,2674,2840,2971,3143,3332,3257,3371,3398,3458,3602,3639,3685,3843,4092,4385,4894,4898,5081,5328
South East,E07000116,Tunbridge Wells,1839,1876,1844,1931,1972,2051,2182,2388,2436,2482,2660,2665,2742,2887,2875,2889,2955,3279,3540,3630,3506,3552,3394,3536,4010
South West,E06000023,"Bristol, City of",6367,6657,7023,7637,7972,8342,8809,9090,9531,10284,10781,11064,11552,11504,12013,12236,12841,13400,14245,15242,15103,15910,15369,17543,19306
South West,E06000022,Bath and North East Somerset,2268,2367,2516,2656,2805,2925,3026,3135,3260,3398,3548,3480,3648,3664,3740,3698,3875,3925,4022,4103,4213,4507,4258,4668,5054
South West,E06000024,North Somerset,2199,2291,2386,2516,2624,2743,2871,2955,3038,3159,3264,3142,3248,3274,3403,3582,3794,3894,4112,4132,4283,4466,4332,4793,5246
South West,E06000025,South Gloucestershire,4755,5033,5359,5821,6121,6501,6835,7110,7428,7741,8223,8160,8375,8629,9188,9370,10191,10178,10705,10912,11461,11971,11899,13062,15033
South West,E07000078,Cheltenham,1617,1694,1813,1960,2033,2121,2237,2304,2368,2472,2613,2604,2800,2764,2704,2753,2988,3022,3116,3221,3307,3477,3435,3720,3924
South West,E07000079,Cotswold,1720,1840,1891,1996,2017,2116,2269,2526,2553,2686,2681,2801,2922,2762,2702,2924,3019,2839,3145,3406,3713,3888,3539,3750,4109
South West,E07000080,Forest of Dean,1104,1106,1151,1226,1211,1252,1209,1241,1305,1390,1441,1363,1409,1480,1609,1539,1648,1620,1438,1535,1689,2122,2184,2327,2049
South West,E07000081,Gloucester,1619,1679,1752,1879,2006,2113,2214,2286,2393,2520,2605,2624,2735,2695,2872,2880,3064,3152,3126,3236,3147,3250,3225,3399,3439
South West,E07000082,Stroud,1428,1491,1533,1595,1601,1649,1701,1750,1740,1831,1880,1800,1992,2036,2129,2224,2278,2277,2501,2630,2726,2845,2574,2860,3161
South West,E07000083,Tewkesbury,1497,1525,1580,1674,1757,1834,1912,1950,1993,2063,2122,2098,2189,2268,2379,2600,2688,2861,2722,3101,3010,3161,2895,3414,3761
South West,E06000030,Swindon,3950,4106,4266,4674,4922,5310,5560,5920,6371,7043,7508,7487,7572,7429,7508,7763,8438,8930,9132,9283,9818,10174,9334,9795,11469
South West,E06000054,Wiltshire,5800,6119,6408,6931,7200,7496,7809,8036,8254,8676,9082,8956,9385,9578,9975,10264,10877,10820,11142,11432,11826,12243,11840,12987,14391
South West,E06000066,Somerset,6137,6484,6821,6929,7193,7502,7911,8377,8789,8907,9345,9152,9241,9488,9693,9729,10426,10644,10830,11609,12035,12307,11960,12768,14113
South West,E06000058,"Bournemouth, Christchurch and Poole",4909,5189,5446,5645,5777,6167,6485,6927,7273,7561,7961,7881,7897,8038,8158,8594,8897,9116,9650,10432,10422,10827,10372,11449,12346
South West,E06000059,Dorset,4165,4454,4760,4764,4891,5032,5217,5518,5724,5841,6293,6030,6183,6250,6458,6573,6905,6952,7087,7427,7953,8201,7855,8683,9585
South West,E06000052,Cornwall,4894,5046,5336,5630,6083,6606,6855,7223,7734,7888,8329,7938,8037,8264,8528,8782,9133,9408,9871,10766,11042,11415,10890,12537,13772
South West,E06000053,Isles of Scilly,33,34,37,37,39,45,45,46,53,50,52,52,51,57,58,59,56,63,66,73,74,70,59,65,80
South West,E06000026,Plymouth,2773,2923,2967,3144,3270,3470,3815,3947,4205,4261,4468,4400,4535,4671,4790,4921,5047,5213,5418,5570,5724,5874,5487,6253,6970
South West,E06000027,Torbay,1156,1225,1255,1311,1358,1425,1586,1656,1743,1769,1809,1736,1782,1773,1775,1845,1867,1857,1890,1891,1839,1932,1839,2208,2404
South West,E07000040,East Devon,1407,1476,1505,1543,1615,1694,1855,1942,2024,2031,2101,2068,2128,2212,2310,2278,2424,2436,2434,2585,2648,2875,2751,3212,3628
South West,E07000041,Exeter,2332,2444,2528,2677,2843,3071,3368,3522,3727,3865,4029,4049,4131,4076,4208,4577,4484,4763,4972,5339,5365,5607,5270,6093,6503
South West,E07000042,Mid Devon,713,730,744,768,805,815,867,885,930,932,969,940,983,1002,998,1047,1118,1168,1185,1263,1334,1359,1252,1460,1671
South West,E07000043,North Devon,1046,1140,1173,1211,1284,1358,1441,1499,1617,1642,1700,1673,1761,1795,1825,1863,1910,2036,2116,2165,2217,2287,2103,2475,2727
South West,E07000044,South Hams,1094,1135,1168,1232,1290,1378,1475,1533,1608,1620,1671,1593,1669,1743,1727,1755,1868,1900,1919,1947,2026,2032,1910,2283,2521
South West,E07000045,Teignbridge,1100,1143,1188,1227,1296,1366,1456,1510,1591,1588,1634,1563,1650,1680,1749,1823,2002,2075,2176,2310,2280,2351,2110,2592,2887
South West,E07000046,Torridge,541,556,564,581,622,648,697,709,747,739,782,759,785,807,832,846,901,869,901,943,933,953,893,1049,1212
South West,E07000047,West Devon,454,468,474,493,528,548,588,611,643,644,665,635,656,663,642,674,708,719,741,765,761,751,728,844,904
Wales,W06000001,Isle of Anglesey,578,584,610,631,655,720,818,828,856,863,870,807,801,848,870,879,886,940,1002,1019,1082,1151,1014,1139,1345
Wales,W06000002,Gwynedd,1329,1320,1366,1405,1519,1643,1727,1846,1972,2015,2050,1989,1965,2040,2098,2199,2179,2226,2224,2345,2389,2464,2217,2426,2611
Wales,W06000003,Conwy,908,922,957,995,1055,1122,1181,1229,1281,1295,1302,1251,1303,1358,1398,1500,1556,1618,1678,1815,1824,1875,1759,1811,1933
Wales,W06000004,Denbighshire,925,931,975,1024,1110,1175,1256,1302,1357,1382,1416,1371,1411,1462,1457,1546,1598,1618,1695,1772,1834,1876,1863,1986,2197
Wales,W06000008,Ceredigion,731,734,771,811,871,927,983,998,1059,1081,1100,1094,1120,1181,1164,1203,1168,1221,1258,1279,1350,1354,1320,1381,1537
Wales,W06000009,Pembrokeshire,1205,1154,1167,1272,1283,1408,1726,1648,1585,1787,1783,1617,1679,1659,1756,1947,1933,2378,2370,2482,2373,2630,2244,2401,2841
Wales,W06000010,Carmarthenshire,1675,1675,1743,1805,1898,2007,2110,2205,2320,2386,2428,2302,2359,2443,2595,2720,2803,2900,3009,3006,3153,3350,3233,3458,3823
Wales,W06000016,Rhondda Cynon Taf,2033,2058,2103,2134,2284,2377,2467,2610,2795,2864,2984,3134,3349,3458,3578,3740,3893,3814,4018,4072,4127,4235,4051,4183,4710
Wales,W06000024,Merthyr Tydfil,541,553,592,612,641,688,760,823,846,870,883,877,877,917,918,919,920,943,965,1010,1050,1055,1022,1012,1066
Wales,W06000018,Caerphilly,1493,1496,1560,1589,1629,1696,1774,1847,1932,1961,1993,1991,2047,2173,2219,2310,2377,2521,2683,2767,2848,2986,2878,3025,3315
Wales,W06000019,Blaenau Gwent,526,523,550,557,573,582,614,647,670,682,680,656,686,721,757,760,750,784,779,838,887,895,853,944,1049
Wales,W06000020,Torfaen,900,903,962,976,1027,1113,1172,1234,1306,1303,1300,1252,1307,1372,1359,1434,1464,1431,1406,1475,1581,1705,1589,1672,1904
Wales,W06000012,Neath Port Talbot,1367,1385,1445,1382,1379,1401,1429,1503,1663,1716,1771,1710,1882,1884,1939,2035,2083,2165,2263,2312,2355,2521,2340,2561,2780
Wales,W06000013,Bridgend,1611,1625,1704,1736,1838,1973,2063,2161,2272,2335,2398,2269,2397,2480,2502,2632,2792,2777,2802,2978,3124,3384,3177,3321,3522
Wales,W06000011,Swansea,2581,2621,2727,2895,3024,3220,3504,3729,3888,4046,4196,4229,4208,4325,4415,4518,4899,4803,5041,5244,5537,5714,5353,5502,5774
Wales,W06000021,Monmouthshire,967,1030,1126,1170,1227,1304,1382,1434,1512,1561,1584,1527,1544,1600,1661,1687,1779,1880,1846,1873,1990,2062,2051,2062,2213
Wales,W06000022,Newport,2007,2077,2208,2260,2312,2512,2660,2755,2896,3024,2908,2874,2985,3087,3147,3102,3099,3220,3557,3706,4058,4169,3930,4068,4431
Wales,W06000014,Vale of Glamorgan,1119,1159,1221,1294,1375,1479,1455,1521,1607,1608,1591,1610,1596,1630,1742,1850,1869,1987,2018,1995,1995,2061,1853,1927,2203
Wales,W06000015,Cardiff,5166,5556,5843,6073,6439,6919,7286,7722,8140,8781,8727,8922,8922,9236,9670,9843,10177,10406,11064,11516,11800,12433,12307,12930,14014
Wales,W06000005,Flintshire,2069,2083,2189,2225,2247,2358,2452,2543,2731,2766,2941,2874,3021,3366,3570,3683,3684,3851,4076,4172,4408,4504,4265,4359,4812
Wales,W06000006,Wrexham,1745,1734,1838,1893,1927,2049,2178,2277,2396,2501,2471,2495,2602,2693,2773,2892,2826,2909,2911,2978,3175,3348,3296,3582,3913
Wales,W06000023,Powys,1240,1266,1354,1410,1470,1602,1675,1668,1719,1778,1723,1709,1748,1807,1884,1946,2011,2118,2166,2170,2248,2268,2225,2300,2550
Scotland,S12000033,Aberdeen City,5041,5045,5132,5558,5809,5899,6237,6594,7525,8457,9453,9286,9635,9868,10662,11269,11444,10951,9825,9570,9904,10276,9230,9544,10847
Scotland,S12000034,Aberdeenshire,3193,3170,3278,3511,3656,3672,3886,4098,4619,5137,5598,5483,5527,5793,5935,6389,7014,6994,6657,6912,6784,6656,6153,6545,7059
Scotland,S12000017,Highland,2667,2801,2903,3029,3083,3396,3676,3914,4086,4204,4409,4306,4524,4792,4932,5201,5409,5483,5612,6025,6169,6373,5894,6298,6957
Scotland,S12000020,Moray,1066,1094,1122,1143,1182,1282,1366,1437,1522,1619,1814,1819,1801,1892,1854,1915,1942,1988,1966,2157,2217,2275,2207,2375,2623
Scotland,S12000021,North Ayrshire,1293,1346,1394,1419,1409,1496,1535,1650,1768,1799,1873,1828,1826,1836,1907,2027,2080,2063,2117,2176,2188,2291,2265,2379,2656
Scotland,S12000035,Argyll and Bute,1013,1067,1106,1176,1193,1293,1400,1536,1582,1634,1720,1714,1699,1785,1817,1832,1885,1862,1907,2045,2042,2151,2000,2185,2383
Scotland,S12000013,Na h-Eileanan Siar,248,267,275,300,301,333,362,389,399,411,438,432,449,472,470,469,488,480,482,500,524,565,549,581,583
Scotland,S12000023,Orkney Islands,274,290,308,325,326,359,396,428,434,451,481,484,495,534,547,526,540,559,548,552,515,555,512,553,603
Scotland,S12000027,Shetland Islands,380,392,389,409,416,438,479,508,534,541,587,636,633,692,697,729,783,736,708,762,755,810,739,759,770
Scotland,S12000041,Angus,1070,1089,1130,1149,1180,1244,1279,1320,1471,1544,1578,1521,1536,1558,1584,1689,1817,1751,1865,1884,1984,2125,1946,2186,2401
Scotland,S12000042,Dundee City,1826,1836,1979,2068,2160,2313,2438,2527,2602,2711,2778,2778,2813,2906,2981,3082,3174,3235,3258,3368,3454,3624,3454,3691,3929
Scotland,S12000005,Clackmannanshire,426,444,458,458,481,518,550,589,634,686,708,688,678,701,706,709,801,850,896,930,1037,1091,1023,1158,1251
Scotland,S12000047,Fife,3810,3855,3996,4116,4285,4498,4708,4919,5356,5550,5793,5616,5659,5713,5945,6250,6585,6728,6906,7130,7029,7331,7204,7718,8439
Scotland,S12000010,East Lothian,758,766,791,816,870,929,979,1010,1112,1160,1175,1147,1162,1197,1237,1360,1448,1493,1562,1658,1744,1820,1714,1918,2055
Scotland,S12000019,Midlothian,656,680,733,758,784,826,880,909,919,959,1004,978,994,1039,1081,1189,1263,1349,1393,1465,1561,1630,1582,1720,1831
Scotland,S12000036,City of Edinburgh,9623,9741,10507,11376,12218,13260,14482,15321,16068,16912,16930,17806,17758,17777,18579,19313,20020,20518,22411,23882,24659,25759,24200,26582,29713
Scotland,S12000014,Falkirk,2067,2041,2111,2193,2268,2454,2602,2793,2965,3021,3252,3192,3221,3185,3170,3283,3413,3558,3560,3669,3814,3995,3800,4074,4199
Scotland,S12000048,Perth and Kinross,2080,1983,1941,1983,2143,2291,2423,2523,2866,2954,3012,3178,3072,3149,3443,3690,3855,4029,4039,4204,4231,4363,3864,4149,4454
Scotland,S12000030,Stirling,1280,1330,1418,1527,1588,1722,1800,1923,1984,2136,2129,2164,2105,2136,2200,2292,2281,2279,2291,2430,2383,2580,2408,2667,2778
Scotland,S12000040,West Lothian,2287,2353,2399,2481,2617,2780,2961,3080,3278,3437,3564,3418,3516,3691,3754,3691,3887,4149,4241,4449,4685,4808,4737,5173,5791
Scotland,S12000039,West Dunbartonshire,843,860,905,978,1014,1063,1154,1238,1317,1330,1408,1381,1383,1425,1377,1385,1480,1518,1656,1731,1838,1916,1756,1878,2029
Scotland,S12000045,East Dunbartonshire,743,762,779,813,831,882,918,982,1017,1012,1042,1003,974,1012,1050,1107,1207,1256,1274,1379,1415,1448,1301,1435,1605
Scotland,S12000049,Glasgow City,10758,11047,11381,12189,12435,13142,14201,15378,16191,16685,17302,17309,16855,17356,17660,18503,19058,19210,19578,20671,21075,22250,21531,23438,25845
Scotland,S12000011,East Renfrewshire,552,568,597,619,640,677,710,714,738,738,791,757,756,767,816,893,956,991,1012,1071,1083,1080,1073,1155,1232
Scotland,S12000038,Renfrewshire,2300,2320,2450,2571,2648,2734,2882,3021,3178,3106,3303,3180,3162,3291,3347,3530,3876,3995,3938,4185,4343,4492,4348,4796,4857
Scotland,S12000018,Inverclyde,795,772,821,888,935,979,1062,1104,1120,1120,1189,1172,1143,1192,1233,1195,1285,1291,1296,1280,1201,1162,1026,1102,1129
Scotland,S12000050,North Lanarkshire,3781,3783,3905,4158,4317,4571,4827,5139,5405,5474,5845,5695,5656,5777,5898,6188,6897,6987,7191,7716,7901,8274,8013,8505,9208
Scotland,S12000026,Scottish Borders,1324,1310,1352,1405,1458,1516,1559,1601,1704,1732,1803,1761,1779,1836,1862,1957,2110,2146,2157,2257,2367,2422,2335,2512,2506
Scotland,S12000006,Dumfries and Galloway,1879,1940,2065,2195,2236,2375,2464,2528,2662,2682,2847,2775,2704,2824,2881,3036,3165,3152,3220,3395,3393,3559,3397,3537,3782
Scotland,S12000008,East Ayrshire,1066,1100,1146,1225,1255,1293,1357,1472,1576,1625,1707,1678,1646,1669,1682,1695,1737,1762,1788,1929,1882,1897,1818,1953,2185
Scotland,S12000028,South Ayrshire,1373,1396,1491,1564,1635,1693,1787,1872,1981,1958,2054,2039,2062,2102,2085,2089,2193,2226,2249,2361,2424,2446,2168,2263,2552
Scotland,S12000029,South Lanarkshire,3495,3539,3609,3798,3958,4213,4448,4769,5181,5271,5591,5526,5446,5550,5707,5981,6210,6226,6381,6795,6741,6881,6476,6670,7463
Northern Ireland,N09000003,Belfast,5640,5994,6464,6811,7099,7812,8319,8819,9305,9710,9878,9903,9582,9848,10056,10656,10767,11163,11857,12772,13189,13715,13067,14978,16187
Northern Ireland,N09000002,"Armagh City, Banbridge and Craigavon",1642,1722,1845,1981,2036,2170,2284,2410,2573,2732,2733,2635,2655,2720,2795,2985,3140,3262,3536,3642,3889,4119,3942,4256,4575
Northern Ireland,N09000010,"Newry, Mourne and Down",1294,1374,1489,1569,1618,1738,1824,1934,2055,2112,2178,2080,2057,2164,2264,2393,2551,2611,2797,2882,3016,3239,3127,3317,3606
Northern Ireland,N09000011,Ards and North Down,1059,1113,1188,1247,1297,1386,1423,1528,1630,1681,1707,1623,1591,1646,1701,1654,1733,1741,1922,2019,2120,2240,2150,2252,2342
Northern Ireland,N09000005,Derry City and Strabane,1290,1353,1409,1461,1504,1692,1733,1895,2041,2039,2117,2113,2076,2121,2216,2250,2294,2330,2507,2657,2725,2954,2965,3119,3421
Northern Ireland,N09000009,Mid Ulster,1531,1628,1785,1842,1878,2080,2157,2278,2405,2513,2437,2197,2304,2340,2392,2578,2730,2838,2997,3097,3386,3678,3403,3769,4185
Northern Ireland,N09000004,Causeway Coast and Glens,1120,1188,1316,1333,1373,1491,1547,1628,1747,1787,1787,1724,1737,1812,1866,1883,1912,1911,2066,2154,2156,2245,2133,2330,2504
Northern Ireland,N09000001,Antrim and Newtownabbey,1608,1698,1826,1926,1981,2074,2156,2246,2389,2513,2483,2381,2410,2489,2542,2540,2716,2801,2924,3103,3183,3394,3409,3547,3746
Northern Ireland,N09000007,Lisburn and Castlereagh,1443,1524,1643,1743,1788,1916,1971,2092,2219,2304,2306,2265,2257,2312,2462,2527,2625,2769,2941,3017,3210,3445,3260,3563,3907
Northern Ireland,N09000008,Mid and East Antrim,1927,2013,2205,2119,2182,2218,2363,2346,2457,2485,2604,2793,2724,2558,2923,2903,2851,3164,3091,2764,2356,2491,2397,2581,2769
Northern Ireland,N09000006,Fermanagh and Omagh,1060,1114,1186,1244,1288,1390,1464,1578,1675,1702,1712,1652,1627,1645,1756,1671,1798,1813,1952,2061,2176,2295,2256,2481,2660
